证券代码,累计推荐次数,证券简称,分组
300308.SZ,28,中际旭创,Top10（抱团）
688041.SH,19,海光信息,Top10（抱团）
002475.SZ,17,立讯精密,Top10（抱团）
601899.SH,17,紫金矿业,Top10（抱团）
688235.SH,17,百济神州,Top10（抱团）
300502.SZ,16,新易盛,Top10（抱团）
300454.SZ,14,深信服,Top10（抱团）
600183.SH,11,生益科技,Top10（抱团）
600258.SH,11,首旅酒店,Top10（抱团）
603993.SH,11,洛阳钼业,Top10（抱团）
